"CustomerID","FirstName","MiddleInitial","LastName","Birthdate","StreetAddress","City","StateProvinceCode","CountryCode","Zipcode"
301,"Elaine","C","Goodman",1988-02-25,"1745 Fleming Street","Montgomery","AL","USA",36107
302,"Margaret","K","Siegel",1957-09-20,"631 Preston Street","Phoenix","AZ","USA",85034
303,"Sheri","F","Roberts",1966-04-20,"4356 Brookside Drive","Tuscaloosa","AL","USA",35401
304,"Ruth","R","Smyth",1953-01-16,"1121 Archwood Avenue","Casper","WY","USA",82601
305,"Denice",,"Foley",1994-11-22,"2488 Rockwell Lane","La Grange","NC","USA",28551
306,"Richard","C","Jackson",1954-07-25,"3022 Coplin Avenue","Tempe","AZ","USA",85282
307,"William",,"Barnett",1974-11-14,"1358 Vine Street","Bensenville","IL","USA",60106
308,"Earl","P","Carpenter",1994-03-21,"574 Bruce Street","Saint Louis","MO","USA",63108
309,"Jesus",,"Smith",1968-10-04,"1159 Aaron Smith Drive","Harrisburg","PA","USA",17102
310,"Joshua",,"Gonzalez",1937-03-20,"3526 Willow Greene Drive","Montgomery","*Missing*","USA",36109
311,"Wendy","A","Hawks",1961-09-21,"47 Barfield Lane","Indianapolis","IN","USA",46225
312,"Jay","M","Miranda",1951-10-23,"298 Snyder Avenue","Charlotte","NC","USA",28202
313,"Cory","A","Frakes",1963-09-05,"3757 Eagles Nest Drive","Sacramento","CA","USA",95814
314,"Darin",,"Ledoux",1973-11-02,"123 Nutter Street","Kansas City","MO","USA",64108
315,"Gregory","D","Drummond",1981-11-02,"2492 Reel Avenue","Hobbs","NM","USA",88240
316,"Thelma","D","Harris",1863-09-11,"324 C Street","Milford","MA","USA",1757
317,"Joseph",,"Kellner",1986-02-05,"52 Logan Lane","Denver","CO","USA",80220
318,"Stephanie","K","Chance",1982-11-26,"1483 Meadow Lane","Santa Rosa","CA","USA",95401
319,"Cynthia","G","Long",1986-08-01,"3619 Spirit Drive","Port Orange","FL","USA",32019
320,"Christopher","M","Hailey",1968-05-06,"352 James Avenue","Syracuse","NY","USA",13202
321,"Travis","S","Hepp",1949-05-14,"1236 Bernardo Street","Clay City","IN","USA",47841
322,"Loretta",,"Madison",1948-02-12,"3563 Loving Acres Road","Dallas","TX","USA",75204
323,"Lynn","K","Loomis",1979-06-13,"1426 Berkshire Circle","Knoxville","TN","USA",37909
324,"Dana",,"Crawford",1974-11-02,"4842 Crosswind Drive","Owensboro","KY","USA",42301
325,"Ramon","A","Boyle",1960-10-15,"1460 Lake Floyd Circle","Chevy Chase","MD","USA",20815
326,"Crystal","J","Caskey",1946-04-12,"3559 Layman Court","Smyrna","GA","USA",30082
327,"Jesse","A","Stiles",1879-11-04,"751 University Drive","La Grange","IL","USA",60525
328,"Charles","S","Pryor",1989-07-24,"2170 Joy Lane","Los Angeles","CA","USA",90017
329,"Helena",,"Dixon",1967-06-08,"2304 Middleville Road","Covina","CA","USA",91723
330,"Kayla","A","Deaton",1954-04-21,"1742 Maxwell Farm Road","Redding","*Missing*","USA",96001
331,"Cathy","R","Davis",1957-10-04,"3358 Hood Avenue","El Cajon","CA","USA",92020
332,"David",,"Kim",1988-02-10,"1226 College View","New Baden","IL","USA",62265
333,"Kimberly","K","Arriola",1972-01-24,"485 Central Avenue","Jersey City","NJ","USA",7304
334,"Vicki","R","Johnson",1973-09-06,"3905 John Avenue","Jackson","MI","USA",49201
335,"Gail","J","Vela",1963-08-18,"2527 Angus Road","New York","NY","USA",10048
336,"Travis",,"Wang",1866-12-10,"598 Better Street","Kansas City","KS","USA",66216
337,"Tracy","D","Gutierrez",1977-11-26,"3433 Clarence Court","Anaheim","CA","USA",92801
338,"Bernice","S","Miley",1955-01-30,"4600 Del Dew Drive","Hyattsville","MD","USA",20783
339,"Christine","J","Stringer",1978-11-22,"399 Willow Greene Drive","Montgomery","AL","USA",36107
340,"Kayleen","C","Harrison",1968-01-24,"331 Coplin Avenue","Phoenix","AZ","USA",85034
341,"Guadalupe","S","Prentice",1947-09-28,"645 Haven Lane","Pontiac","MI","USA",48342
342,"Fannie","N","Sheppard",1957-10-10,"625 Cinnamon Lane","San Antonio","TX","USA",78212
343,"Timothy","M","Ortiz",1983-08-30,"813 Lilac Lane","Douglas","GA","USA",31533
344,"Nicole","L","Fowler",1994-10-23,"2492 Perry Street","Flint","MI","USA",48506
345,"Dennis","A","Whaley",1952-04-09,"4746 Prospect Valley Road","Irvine","*Missing*","USA",92614
346,"Dorothy","W","Bernard",1952-01-09,"4161 Arthur Avenue","Princeton","IL","USA",61356
347,"Eileen","M","White",1959-10-16,"1252 Boone Street","Vancouver","WA","USA",98660
348,"Adrian","L","Whalen",1974-06-26,"3756 Walton Street","Salt Lake City","UT","USA",84111
349,"Tonya","D","Morneau",1988-06-21,"4289 Summit Park Avenue","Detroit","MI","USA",48226
350,"Mara","J","Perez",1940-03-06,"3135 Quincy Street","Philadelphia","PA","USA",19108
351,"Shirley","A","Gross",1940-08-16,"1337 Hamill Avenue","San Diego","CA","USA",92101
352,"Ricardo","M","Thibodeaux",1992-04-10,"3767 Ashmor Drive","Fargo","MN","USA",58102
353,"Chelsea","L","Gonzalez",1988-04-16,"2026 Johnson Street","Garner","NC","USA",27529
354,"Lauren",,"Farley",1956-02-09,"4668 Fannie Street","Eagle Lake","TX","USA",77434
355,"Noe","A","Alt",1975-03-31,"3116 Star Route","Burr Ridge","IL","USA",61257
356,"Wilma",,"McNeal",1967-06-24,"4772 Cessna Drive","Fort Wayne","IN","USA",46808
357,"William","J","Lee",1970-12-02,"2196 Platinum Drive","Sewickley","PA","USA",15143
358,"Lindsey","J","Payne",1993-09-04,"52 Willison Street","Anoka","MN","USA",55303
359,"Beth","M","Dziedzic",1951-10-10,"1243 Andy Street","Tabor","SD","USA",57063
360,"Mathew","C","Greene",,"4901 Walnut Avenue","Jersey City","NJ","USA",7304
361,"Joyce","H","Blankenship",1984-06-23,"4573 Hidden Meadow Drive","Williston","ND","USA",58801
362,"Irving","D","Ackerman",1941-12-27,"3793 Sweetwood Drive","Denver","CO","USA",80022
363,"Ryan",,"Borger",1973-08-27,"825 Martha Street","Black Mesa","AZ","USA",86033
364,"John",,"Belcher",1959-03-12,"4170 Hillview Street","Columbia","SC","USA",29210
365,"Barry","T","Walters",,"4462 Highland Drive","Reedsville","WI","USA",54230
366,"Cheryl",,"Blackford",1947-10-15,"2828 Turkey Pen Road","New York","NY","USA",10007
367,"Mary","H","Bailey",1960-09-15,"1559 Quilly Lane","Upper Arlington","OH","USA",43221
368,"Douglas","L","Guzman",1981-02-06,"4833 Cambridge Court","Fort Smith","AR","USA",72901
369,"Marie",,"Snyder",1982-05-05,"686 Eagle Drive","Southfield","MI","USA",48075
370,"Gregory",,"Hill",1985-07-19,"4118 Pringle Drive","Chicago","IL","USA",60607
371,"William","M","Maudlin",1939-01-08,"4098 Harron Drive","Hanover","MD","USA",21076
372,"Tara","L","Gibbs",1949-03-13,"3668 Bryan Avenue","Golden Valley","MN","USA",55427
373,"Jacqueline","J","Ley",1936-12-13,"2808 Freedom Lane","Stockton","CA","USA",95204
374,"Troy","H","Franklin",1988-05-01,"3725 Turkey Pen Road","West Nyack","NY","USA",10994
375,"Lina",,"Smith",1979-09-21,"3319 Front Street","Southfield","MI","USA",48075
376,"James",,"Reis",1946-02-09,"723 Wexford Way","Rock Hill","SC","USA",29730
377,"Walter","J","Coffman",1956-02-29,"1670 Ella Street","Brisbane","CA","USA",94005
378,"Emil","E","Lynch",1972-01-28,"1423 Jerry Dove Drive","Beaufort","SC","USA",29902
379,"Mary","J","Whisenant",1946-11-02,"3722 Diamond Street","Charlotte","NC","USA",28202
380,"Harriet",,"Abrahams",1952-10-02,"4890 Cameron Road","Buffalo","NY","USA",14214
381,"Cameron","R","Rodriguez",1941-04-24,"546 Quincy Street","Ambler","PA","USA",19002
382,"Orpha",,"Decastro",1985-10-22,"739 Layman Court","Lawrenceville","GA","USA",30245
383,"Peter","J","Files",,"1745 Duff Avenue","Bennington","VT","USA",5201
384,"Linda","C","Hudnall",1980-08-31,"392 Green Acres Road","Rocky Mount","NC","USA",27801
385,"Melissa","W","Michelson",1943-10-28,"1036 Elmwood Avenue","Mesa","AZ","USA",85205
386,"Randy",,"Yu",1981-01-02,"3045 Oakwood Circle","Los Angeles","CA","USA",90017
387,"Kevin",,"Brooks",1982-06-02,"3190 Sundown Lane","Austin","*Missing*","USA",78660
388,"Lupe",,"Richards",1985-01-21,"4078 Abia Martin Drive","Commack","NY","USA",11725
389,"Kevin",,"Torres",1975-03-12,"1598 Oliverio Drive","Asbury","KS","USA",64832
390,"Annabell","F","Morrison",1878-07-03,"3049 Seltice Way","Boise","ID","USA",83702
391,"Judith",,"Beasley",1991-05-06,"4483 Maloy Court","Hays","KS","USA",67601
392,"Chester",,"Roark",1973-03-29,"862 Cessna Drive","Fort Wayne","IN","USA",46805
393,"Joy","C","McDaniel",1992-03-25,"3705 Delaware Avenue","San Francisco","CA","USA",94107
394,"Terence","A","Nicholas",1943-05-09,"409 Carter Street","Centralia","IL","USA",62801
395,"Gayle","W","Prout",1942-10-28,"1007 Henery Street","Indianapolis","IN","USA",46204
396,"Hazel",,"Younger",1978-12-22,"690 Deer Ridge Drive","Newark","*Missing*","USA",7102
397,"Caroline","R","Bushnell",1973-01-16,"4565 Forest Avenue","New York","NY","USA",10003
398,"Theresa",,"Warren",1950-07-23,"1915 Geneva Street","New York","NY","USA",10011
399,"Michael","E","Goldman",1966-01-15,"2029 Fairfax Drive","New Brunswick","NJ","USA",8901
400,"Darrell","S","Hobby",1990-11-13,"973 Quincy Street","Philadelphia","PA","USA",19123
401,"Jorge","A","Maguire",1990-07-07,"4034 Victoria Street","Chicago","IL","USA",60606
402,"Herbert",,"Nault",1937-11-14,"488 Dye Street","Phoenix","AZ","USA",85016
403,"Juanita",,"Sanchez",1976-01-06,"3913 Westfall Avenue","Windom","MN","USA",56101
404,"Ila","R","Knight",1981-12-08,"510 Grand Avenue","Maitland","FL","USA",32751
405,"Stanley","B","Earl",1847-12-17,"2824 Rinehart Road","Miami","*Missing*","USA",33128
406,"Ronald","J","Carrillo",1937-04-10,"4438 Junkins Avenue","Albany","GA","USA",31707
407,"Maurine","J","Shellenbarger",1944-05-02,"2602 Luke Lane","Ardmore","OK","USA",73401
408,"Serena",,"Prince",1966-12-26,"2071 Brooklyn Street","Eugene","OR","USA",97401
409,"Ana","F","Scott",1983-06-13,"3686 Mulberry Street","Houston","TX","USA",77060
410,"Amy",,"McCaleb",1881-10-05,"590 Blair Court","Mound City","MO","USA",64470
411,"Jim","C","Borchers",1988-06-08,"2679 East Avenue","Mesa","AZ","USA",85205
412,"Martin",,"Webb",1957-07-26,"1642 Beeghley Street","Waco","TX","USA",76710
413,"Ronald",,"Vaughan",1985-10-16,"4665 Woodland Drive","Sioux City","IA","USA",51101
414,"Donna","F","Carrera",1973-02-12,"3432 Ferry Street","Cullman","AL","USA",35055
415,"Bertha","H","Roush",1969-07-10,"907 Queens Lane","Lynchburg","VA","USA",24504
416,"Tommy","D","Sternberg",1838-11-13,"726 Thomas Street","Buffalo Grove","IL","USA",60089
417,"Dwayne","F","Wilson",1937-05-13,"1341 Renwick Drive","Philadelphia","PA","USA",19108
418,"Dorothy",,"Manzella",,"4114 Bombardier Way","Ann Arbor","MI","USA",48104
419,"Richard",,"Sharpe",1983-01-02,"2054 Kidd Avenue","Angoon","AK","USA",99820
420,"Marilyn","A","Reese",1983-03-07,"553 Dennison Street","Modesto","CA","USA",95351
421,"Monte","V","Morris",1937-05-03,"69 Jim Rosa Lane","San Francisco","CA","USA",94108
422,"Doris","B","Plumb",1946-08-17,"3096 Aspen Court","Boston","MA","USA",2110
423,"Mark","V","Cornell",1945-09-20,"4856 Renwick Drive","Philadelphia","PA","USA",19108
424,"Leon",,"Meeks",1954-03-10,"2761 Aspen Court","Woburn","MA","USA",1801
425,"Christopher",,"Chicoine",1983-05-24,"3697 Bagwell Avenue","Gainesville","FL","USA",32601
426,"Sam","L","Flores",1973-04-02,"4964 Rhapsody Street","Gainesville","FL","USA",32607
427,"Megan","C","Prather",1945-08-19,"3164 Hillside Drive","Lafayette","LA","USA",70506
428,"Tiara","C","Williams",1954-09-24,"878 Southern Street","New York","NY","USA",10013
429,"Jesus",,"McKibben",,"143 Coleman Avenue","San Diego","CA","USA",92101
430,"Gene",,"Allred",1962-04-14,"2516 Myra Street","Cranston","RI","USA",2910
431,"Tina",,"Robinson",1990-05-01,"3101 Newton Street","Saint Cloud","MN","USA",56301
432,"Carl","J","Greggs",1990-06-15,"2595 Johnstown Road","East Dundee","IL","USA",60118
433,"Kelli","G","Rodriguez",,"4254 Karen Lane","Louisville","KY","USA",40272
434,"Benjamin","D","Garber",1988-12-05,"3340 Boring Lane","San Francisco","CA","USA",94143
435,"Robyn","W","Owen",1961-09-13,"4778 Marcus Street","Elk River","AL","USA",35611
436,"Andrew",,"Sims",1945-12-16,"732 Rosewood Lane","New York","NY","USA",10021
437,"Jonathan",,"Doucet",1882-12-14,"4417 Deercove Drive","Phila","PA","USA",19103
438,"Frankie","W","Smith",1978-11-11,"2702 Jarvis Street","Buffalo","NY","USA",14216
439,"Cathrine",,"Rogers",1967-10-23,"3740 Saints Alley","Winter Haven","FL","USA",33830
440,"Joseph","M","Elam",1843-03-05,"4139 Jones Street","Irving","TX","USA",75063
441,"Sue","R","Desroches",1999-02-17,"3534 Polk Street","Tucson","AZ","USA",85701
442,"Dawn",,"Brock",1997-03-18,"1627 Lincoln Street","Camden","NJ","USA",8102
443,"Paul","J","Goods",1957-11-24,"863 Francis Mine","Grass Valley","CA","USA",95945
444,"Charles",,"Gill",1969-09-09,"1853 Calico Drive","Walla Walla","WA","USA",99362
445,"Samuel","T","Lopez",1950-06-02,"131 Red Dog Road","Charlotte","NC","USA",28202
446,"Marta","J","Miller",1949-02-06,"4897 Langtown Road","Toledo","OH","USA",43604
447,"Susan","C","Jennings",1992-10-23,"934 Roosevelt Wilson Lane","Muscoy","CA","USA",92407
448,"Jerry",,"Kepler",1958-09-30,"3419 Hickory Heights Drive","Baltimore","MD","USA",21201
449,"Juan","C","Graham",1939-12-03,"2137 Catherine Drive","Bismarck","ND","USA",58506
450,"Elizabeth","C","Dunaway",,"593 Daylene Drive","Ann Arbor","MI","USA",48104
451,"Tina","D","Pounds",1945-02-07,"1411 Coplin Avenue","Phoenix","AZ","USA",85023
452,"Chad","S","Watson",1962-05-30,"2891 Valley Lane","Austin","TX","USA",78759
453,"Lena","J","McLeod",1969-10-17,"1128 Walnut Drive","Crary","ND","USA",58327
454,"Angela",,"Roberts",1943-03-02,"2580 Lilac Lane","Register","GA","USA",30452
455,"George",,"Aitken",1980-09-19,"4792 Elliott Street","Greenfield","NH","USA",3047
456,"Marilyn","E","Glass",1952-11-27,"2410 Red Dog Road","Charlotte","NC","USA",28273
457,"Joseph","S","Elbert",1974-01-30,"3215 Maple Court","Columbia","MO","USA",65207
458,"Jermaine",,"Herron",,"2997 White Lane","Macon","GA","USA",31206
459,"Mathew","L","Clune",1960-02-12,"1795 Hamilton Drive","Baltimore","MD","USA",21202
460,"Alicia","D","Martinez",1988-11-30,"4866 Turnpike Drive","Birmingham","AL","USA",35203
461,"Glenn",,"Gorrell",1967-06-13,"4944 Scenic Way","Peoria","IL","USA",61602
462,"Adele","L","Tollefson",1938-06-10,"541 Holden Street","San Diego","CA","USA",92103
463,"Joseph","P","Boland",1993-12-25,"2463 Southern Avenue","Holstein","MO","USA",63357
464,"Arthur",,"Gordon",1982-12-10,"114 Dovetail Drive","Wheeling","IL","USA",60090
465,"Barbara","M","Brooks",1988-07-23,"135 Baker Avenue","Plano","TX","USA",75074
466,"Jose",,"Headen",1990-02-05,"2510 Hickman Street","Chicago","IL","USA",60605
467,"Kenneth","B","Baldwin",1943-05-12,"4646 Oliverio Drive","Rush Center","KS","USA",67575
468,"Matthew","J","Parker",1937-11-15,"444 Fort Street","Tacoma","WA","USA",98491
469,"Doris","J","Rudolph",1992-08-10,"4484 Pyramid Valley Road","Cedar Rapids","IA","USA",52405
470,"Luis","D","Griner",1987-09-18,"1090 Cody Ridge Road","Calera","*Missing*","USA",74730
471,"Flora",,"Primeaux",,"1387 Willow Oaks Lane","New Iberia","LA","USA",70560
472,"Christina","W","Salcido",1967-12-23,"2757 Ashmor Drive","Park Rapids","MN","USA",56470
473,"Laura",,"Nolan",1997-12-19,"3692 Fincham Road","Palm Springs","CA","USA",92262
474,"Francesca","M","Coon",1954-12-17,"3675 Beechwood Avenue","Flemington","NJ","USA",8822
475,"Ellen","J","Haggard",1938-02-20,"1444 Hornor Avenue","Tulsa","OK","USA",74120
476,"Peter",,"Matthew",1939-04-23,"203 Beechwood Drive","Pittsburgh","PA","USA",15219
477,"James","B","Simard",1988-10-26,"3214 Tree Frog Lane","Kansas City","MO","USA",64108
478,"Cindy",,"Cameron",1991-02-15,"4347 Rocky Road","Philadelphia","PA","USA",19104
479,"Walter","J","Friley",1973-12-27,"879 Oakmound Road","Chicago","*Missing*","USA",60605
480,"Eric","L","Melton",1967-05-20,"3764 Hamill Avenue","San Diego","CA","USA",92110
481,"Christian","V","Gustafson",1971-10-02,"2189 Willison Street","Minneapolis","MN","USA",55401
482,"Shirley","L","Davison",1966-08-11,"2328 Sugarfoot Lane","Richmond","IN","USA",47374
483,"Willie",,"Taylor",1963-11-27,"861 Wexford Way","Columbia","SC","USA",29210
484,"Sophia","J","Stage",1948-02-28,"1051 Elk Rd Little","Tucson","*Missing*","USA",85701
485,"John","K","Barker",1997-01-13,"75 Grim Avenue","San Diego","*Missing*","USA",92101
486,"Carrie","K","Hudson",1995-05-26,"2619 Westfall Avenue","Albuquerque","NM","USA",87106
487,"Julie","P","Obryant",1866-05-10,"441 Tail Ends Road","Milwaukee","WI","USA",53202
488,"Crystal","J","Parker",1990-09-10,"3556 Amethyst Drive","Haslett","MI","USA",48840
489,"Jose","M","Yoon",1945-10-31,"1879 Hillcrest Avenue","North Billerica","MA","USA",1862
490,"David","A","Rice",,"4036 Science Center Drive","Pocatello","ID","USA",83202
491,"Loretta","K","Jeffery",1965-01-05,"2288 Farland Street","Chicago","IL","USA",60628
492,"Carla","J","McCall",1950-03-07,"3938 Zappia Drive","Lexington","KY","USA",40507
493,"David","J","Cromwell",1951-09-30,"420 Geraldine Lane","New York","NY","USA",10007
494,"Ann","K","Dewar",1963-06-04,"1480 Pinchelone Street","Virginia Beach","VA","USA",23452
495,"Tyson",,"Hayes",1961-03-29,"1119 Primrose Lane","Madison","WI","USA",53703
496,"Julio",,"Wood",1943-01-26,"3278 Spinnaker Lane","Wyanet","IL","USA",61379
497,"Thomas","E","Barham",1939-02-09,"2819 Boggess Street","Dayton","OH","USA",45402
498,"John","J","Strong",1967-01-13,"1748 Perine Street","Alexandria","VA","USA",22310
499,"Crystal","R","Maddox",1957-03-24,"334 Lakeland Terrace","Ann Arbor","MI","USA",48104
500,"Jason","R","Reuter",1970-05-27,"445 Wyatt Street","Miramar","FL","USA",33025
